AVI controller,502942a2-bb34-b09d-1340-47e8b63775f7
AVI se1,50294210-42e7-3992-0331-f62d7ee31099
AVI se2,50294fe1-0880-e808-8bf4-116748a00118
Bad_LOV1P0VRAAPP02_Bad,5029cd25-ca66-4e65-b387-f75a4fc3c2a3
BIG-IQ-6.0.1-CM,5029a877-484c-3b57-385c-0a35ca5abac9
BIG-IQ-6.0.1-DCD,50297c0a-e4a2-9d10-acaf-4a90ef12acf8
BIGIP-13.1.1_LB01,5029afad-d110-cde3-041a-553e4b11b4c7
BIGIP-13.1.1_LB01POC,502939bc-5d8b-35f0-e4ac-356955cbd8ec
BIGIP-13.1.1_LB01POC_new,50297440-f911-e621-cad5-12e7c33721e1
BIGIP-13.1.1_LB02,50297deb-c9aa-8470-c121-9362b7b1005d
BIGIP-13.1.1_LB02POC,5029bf28-3425-5749-62ef-8ae91bb41aae
BIGIP-13.1.1_LB02POC_new,502908aa-4293-5a2d-45d7-079f2b42dd5e
clone-backup-hcxcloud,502967c5-0791-0681-8102-5bf11a5291f8
HCX-IX-LNP6-peer,50291c03-d2a1-fd41-724a-94d6b37f7564
HCX-IX-LNP6-WANOPT-peer,50294584-1221-2597-2934-d3a6ae7c4fe0
HCX-IX-LON6-peer,5029c69d-a191-cb0e-fddb-cf94b5150c95
HCX-IX-LON6-WANOPT-peer,50293703-59bc-0d0b-62f6-67c58f9f5c37
HCX-L2C-HT-LNP6_VM_dvSwitch-peer,502967b6-fcc5-e550-08fa-9d1ec6288bc8
hcx_cloud_manager,5029410c-f676-4021-2e31-5df33067b341
jumpbox,5029a2f4-b890-8cff-0265-5f8300ddc978
LNP6IVGITTST01_new,500d3ed6-37fe-57ce-94aa-70ce352d7b93
LNP6IVGITTST01_new-2,64232950-fdda-8e6f-ca6a-ad335bd699ab
LNP6LBVCSVCP03,500ddb16-51a2-02d6-a807-b43e3dd0804d
LOV1-Qualys01-testing,5029309a-1930-e876-c0b2-94144cb4263d
LOV1BRDQAAPP005,500de1fd-24c4-720d-d4b5-e7d026a88b4b
LOV1BRDQAAPP006,500dff12-a391-755e-3172-7d1757d3407d
LOV1BRDQAAPP007,500d11b7-601c-2199-b1bd-356e1d4c9719
LOV1BRDQAAPP008,500d1582-2fd5-113a-2f9e-88d1838d3104
LOV1BRDQAAPP009,500de973-46d6-f707-b8c4-886e02a556aa
LOV1BRDQAAPP010,500d47d6-6a2c-19ac-5d48-045c9ebf475d
lov1d14doapp03,5029623b-0fdb-ff94-eed4-55a328d7fff8
lov1d14doapp09,5029feb5-4a7e-5bb8-de20-fa94ee25f4d3
lov1d1brdorc003,50292e04-d1ee-611a-aee4-eeae1c166adf
lov1d1brdorc02,f8732950-648f-1591-d0ac-d5048668a59c
lov1d1cldapp18,502994c8-b065-20d0-9f86-6fc2926d627a
lov1d1cldapp19,5029dccf-6992-9e6f-c6b9-fa6bb9675a11
lov1d1cldapp52,50295824-9acf-1b51-4d24-191489a1070c
lov1d1cldapp54,5029f242-6458-2c3e-707d-5191d754eab8
lov1d1gitapp01,502957d0-a0c3-ece8-4c4a-4917ebc4da03
lov1d1gitapp02,5029c558-243d-be63-ee42-24cb51ef5d90
lov1d1gitapp05,502934dd-ef0f-9e35-6cec-a13b675419e0
lov1d1gitapp06,50295e0a-ac2c-7fc7-09b2-c28c713d1383
lov1d1gitapp07,d89a2950-cc97-464f-ce28-35d2d8daa75a
lov1d1gitapp08,5029fe4d-df57-926e-82ec-227390c86dcd
lov1d1gitapp09,5029fb2c-8a17-ed92-3855-fc88874e2648
lov1d1gitapp10,5029d0c2-8278-e65f-cf6f-fdebc09e157e
lov1d1gitapp11,50294f94-d93b-3ba9-7fa6-1733882a61e9
lov1d1gitapp12,5029be02-4800-0d39-16f1-d3e08f7e7dfb
lov1d1gitapp13,50295f8e-d821-77b4-b542-940e1ef5ca26
lov1d1gitapp14,5029916e-f8d0-c491-cb21-82c03c483c04
lov1d1gitapp15,5029c03f-6426-f1d3-143d-a581c97064e4
lov1d1gitapp16,5029b375-0049-8067-6d32-fcf7ecd3546f
lov1d1gitapp17,5029791a-ce8b-8b11-18b7-72cc20d7a707
lov1d1gitapp18,5029b0eb-9078-be89-8ca6-851805243867
lov1d1gitapp22,50290fcb-bdf9-38e8-214f-687148a947b3
lov1d1gitapp23,50297a26-5f60-7f57-bba7-441fe67ffb5d
lov1d1gitapp25,502926f8-3969-393e-b3ca-4995d2611a8c
lov1d1gitapp26,50297d1b-8a18-4150-c9ac-375b75b35461
lov1d1gitapp27,50292ceb-e645-619a-adbe-5805eac8282c
lov1d1gitem001,502971aa-01ab-8fab-6c43-9267dcc23991
lov1d1gitnull02,5029d6a2-c90d-762d-5989-2dd910f1132f
lov1d1gitorc003,5029502b-c060-ee15-d499-cd183eb907e3
lov1d1gitorc005,50291159-1739-79f8-45b8-b8d3ab67a20a
lov1d1gitorc006,50298d1e-edbf-1228-ee38-49d104372d4e
lov1d1gitorc03,5029ae40-8525-6cbe-f74a-17f6716d2009
lov1d1gitorc04,50292055-ad11-58d6-4f9d-f6f1ed6d658f
lov1d1gitorc07,50297f4b-e5fb-ab24-bda4-f38326769b33
lov1d1gitorc09,50291327-09b4-e8f7-88ec-927b762c7f65
lov1d1gitorc10,50296108-34c2-f8cf-feaa-ad4d605e5ff1
lov1d1gitorc15,50298a14-7ad4-dcde-9f6e-6c1485dc20de
lov1d1gitwww01,5029390b-0a6f-7766-375a-526aec71fa2d
lov1d1gitwww02,50293a77-88e2-c550-a6e2-d95f5c1b0b78
lov1d1gitwww03,502999a8-0966-0246-e863-d24a6cffc72e
lov1d2cldapp56,50295220-8c4f-c964-e181-96b4cb669e87
lov1d2cldapp57,5029f5ab-3ef5-0805-b1ce-df1597336ba3
lov1d2cldapp58,50299c7c-4d17-1718-139c-1f0e16f94a1a
lov1d2ewbapp06,502957fb-4d2a-2466-f833-a14a8f2d5927
lov1d2gitapp11,5029b375-e50a-e565-6383-233536245cc5
lov1d2gitsql01,5029368e-6af3-fa05-535c-3017ad195d17
lov1d2gitsql02,5029ba9d-f383-1b69-d638-bef491cf5d49
lov1d2gitsql04,50299e4c-c62a-bc0d-8277-97b09f9bdc10
lov1d2gitsql06,5029b28b-9615-6e90-81c6-86dd569cadcf
lov1d2gitsql09,502997f3-2762-b7ae-8536-07ac06dea8f0
lov1d2gitwww03,50296a19-ce11-c3b1-168e-aa8477ce5119
lov1d2msfsql07,50297f18-6fb3-cf9d-c48e-35a7c75c49a2
lov1d2pmiapp01,502929b4-db2d-b10d-0090-341b4143b829
lov1d2pmisql05,502903da-da9e-6417-e2dc-b796fba8c71d
lov1d2pmisql06,502954f0-7a90-1bd2-c322-50bfa954fbb9
lov1d2pmiwww01,50292885-0985-c7f4-533f-59e65ba5ba13
LOV1GTSLBENG200,500de479-9ad2-73a5-6130-5edef7e06d01
lov1gtspdjmp001,50298793-f34d-9c9e-ccce-f353bd1dbaba
lov1gtspdpem001,50295b33-d54c-29f1-f077-7f1ee678451a
lov1gtspdpem002,50294c15-e5a7-b3cd-0079-76a966893fb0
lov1gtspdpem101,502911aa-338d-ab1a-2fb1-5c64bf452889
lov1gtspdpem102,50295fe6-e5f2-aa7f-166b-c7ade2733a70
lov1gtspdrps001,5029886c-1ad7-8e3b-c43a-574840b994ff
lov1gtspdrss060,502948bc-e6e6-cc4b-536f-04cc37b02344
lov1gtspdsqd001,5029fec0-f947-1508-701d-3acf1fb56925
lov1gtspdsqd002,5029b452-ec3f-da06-a3c1-b0ffad53626c
lov1l9agm8,50296fe3-19a2-555e-519d-6500e5c135b9
lov1l9sky01,84362950-59a4-936f-83b7-28eadc491346
LOV1LBAPPSQL02,50295359-4369-c590-0efe-75d71e868ea2
LOV1P0LCMAPP01,5029c460-0ca6-0403-5189-01d877eb6573
LOV1P0VRAAPP01,50292d51-3121-c26f-1a0d-c1c196e14277
LOV1P0VRAAPP02,502972ad-bb1e-0baf-a63a-663f5be5d884
lov1p1monctp001,5029123f-29de-7b2c-b34e-08c09053831f
lov1p1monspk001,5029352c-c993-5a98-4728-eaa80fc59117
lov1p1monspk002,5029fb29-a0db-50e4-b118-5d3427de127c
lov1p1monspk003,50295c76-81c4-51b8-f6ea-47052ae50348
lov1p2gitapp01,50295776-8eca-00c9-9444-cc585b653086
lov1p2gitapp02,5029a535-ace2-c42c-dd75-9bb38727195e
lov1p2gitapp03,502920bb-46d9-686e-ce9d-0e4d72e18f03
LOV1P2IFOADS01,5029d524-829a-31de-774a-5d5a6c92c6c1
LOV1P2IFOADS02,5029da82-b6e9-5f54-2299-d816b7b0bc05
LOV1P2MKAADS01,5029a9eb-0466-7ba5-0e37-ef125d53b4df
LOV1P2MKAADS02,5029798f-a990-05d0-5efc-8af81fc2c333
LOV1P2MKAFS01,50290ada-2cba-1e26-f0aa-952682a23e40
LOV1P2MKPADS01,50298972-d5fe-b8d1-199a-9793933fac3e
LOV1P2MKPADS02,50298bef-73de-c905-d791-8dd7cd29bb5e
LOV1P2MKPSMS01,502980e4-184a-670e-d9c2-204930c23f41
lov1p2monscg001,50291289-52a1-fc6a-5f32-6d9524ff04f6
lov1p2monscg002,50293a82-6e59-5f8b-d2d9-bc0d5799f3ba
lov1p2monscg003,5029d36e-753b-cda7-09ff-4cec941805a6
lov1p2monscg004,50293ab4-6c33-9f9b-534c-31faf5f44f4a
lov1p2monscg005,502916f5-fe0d-f9b3-da81-07b931a5ca5f
lov1p2monscg006,50292278-2439-8677-af9c-9f10b0816ec5
lov1p2monswp001,5029a185-d781-72bb-7b9f-294b9b018fbd
LOV1P2PRDADS01,502928f3-9e38-f31e-9203-0d8c201b8146
LOV1P2PRDADS02,5029d02e-4ea2-bd71-bbab-18cf84fde762
LOV1P2STGADS01,50293024-4281-3cee-c2fd-bdf69e7122f9
LOV1P2STGADS02,50293d58-197d-71b0-d711-f68590c43f1e
LOV1P2VRAIDS01,5029605e-0793-d744-358d-bfc9102b83e2
LOV1P2VRAIDS02,502917ff-e6b1-b8f9-1b2f-0b908e85f70a
LOV1P2VRAISM01,50297efa-1d42-5cd2-9cb2-4a63747427ff
LOV1P2VRAISM02,5029f093-0527-9a8b-a3f8-878fc087346f
LOV1P2VRAMGR01,5029cf14-6802-1c38-2dd9-53db07ecb18a
LOV1P2VRAMGR02,5029cd89-c5b5-f26f-2053-7ab438cf5c57
LOV1P2VRAPSS01,5029f68e-323e-7434-ae68-d8605178331d
LOV1P2VRAPSS02,5029d888-16b1-d44c-b561-ece3c1471e31
LOV1P2VRASQL01,50292dd7-29df-8445-1a8c-06626d9c5169
LOV1P2VRAWWW01,5029ab86-405a-8a3d-a3c0-f4a918d0d1eb
LOV1P2VRAWWW02,5029b148-4d6c-6d02-9652-327b450cca39
lov1p9vcslogpx01,5029fb68-0b2c-9de4-9e78-5dc3ba304a51
lov1p9vcsmgt01,50295fcd-0be0-4ed6-b6bb-a809f80644a1
lov1p9vcsvrc01,50298226-a651-b292-c918-ebfc49478036
lov1p9vcsvrm01,502908cc-0eee-4625-a833-924200ef99ca
lov1p9vcsvrn01,50294bae-7df6-da85-d9f4-b92f2a2abab8
lov1p9vcsvrni01,502917d6-4d72-0279-9338-bdfee685cbab
lov1q14dordb01,5029f860-2b3c-54dd-5065-57ff101ab4d1
lov1q1brdwww04,5029bb4c-5172-e9a8-f7e0-ee03e2194a39
lov1q2brdapp04,5029a845-fc2d-fe96-ff07-114c12b37717
lov1q2brdapp05,50299a22-1263-3110-10fb-fa618eaec0f7
lov1q2brdsql01,5029154a-d795-3f95-31f5-9a0ea7821a9f
lov1q2gitapp01,502935bc-7ea0-c2cb-b69d-f26a843b3ea2
lov1q2gitapp02,50299dff-8a70-bd48-9331-f52cc38baff5
lov1q2msfapp01,50292b8c-016b-46aa-5769-d4a324a0120f
lov1q2msfapp02,502910d7-06b5-9e5b-38fd-b43507ee351e
lov1q2msfapp03,50290a8c-1144-2df4-5d81-723d29776486
lov1q2msfapp04,50296248-917a-2046-700a-d1cd4f40b638
lov1q2msfapp05,50290231-9937-7719-d092-e1f09afb9e23
lov1q2msfapp06,50290bb0-4fe2-3cec-328f-e7deb3366652
lov1q2msfapp07,5029844a-22e8-887d-ecf7-e43f3bd3f165
lov1q2msfapp08,5029907b-cacf-d6ec-5f6c-becdb971569b
lov1q2msfapp09,5029c1f9-3058-54a6-ea7a-5f999b9c3984
lov1q2msfapp10,502960f0-f872-88ac-a28e-044f90e34406
lov1q2msfapp11,5029161d-d7a7-7986-dd89-7e329dbd4d15
lov1q2msfapp12,5029193d-7ee4-fa2a-42aa-55ae0186014f
lov1q2msfapp13,502956b4-246a-aa62-23ea-72fa4df147c6
lov1q2msfapp14,50295952-8c35-4055-16e1-6bd90698b681
lov1q2msfapp15,5029af2b-3481-9d71-e76c-6e2ec374cef9
lov1q2msfapp16,50296e3d-5aca-7f2a-1b5f-732180bef4b5
lov1q2msfapp17,5029188f-f1e9-91e3-3fef-ea80682d202d
lov1q2msfapp18,50294901-2dfc-2bf4-71db-70d45734aecf
lov1q2msfbld01,5029ed56-9bfc-3ecf-1d7a-0d102140dd9e
lov1q2msfftp01,502974f1-f5de-c7ad-7fda-7704fbed4503
lov1q2msfftp02,5029d7c4-9218-78c8-a844-3263989df88f
lov1q2msfmts01,50292f01-581a-4d5c-8a7f-89b3b9645aec
lov1q2msfrpt01,5029a2f8-876d-e566-d134-b8f65e252f45
lov1q2msfsql01,50298734-4f1c-143a-c7f7-bc71805c0204
lov1q2msfsql02,502964b1-d107-2602-cbd0-11cedb1c472f
lov1q2msfsql03,50291ac8-38ce-a66f-ea50-8b8892129599
lov1q2msfsql04,50296846-5418-97df-0b82-0a82954a1c6f
lov1q2msfsql05,502920f3-0f72-5e26-e37f-73b69c2e8688
lov1q2msfsql06,5029226a-8ce1-4aad-bae1-c7a97d6ba83d
lov1q2msfsql07,50291ff8-d446-2768-d1ec-d7e4088bbcfb
lov1q2msftfs01,502964ca-741b-64c6-7220-75c435970502
lov1q2msfwww01,5029ba08-1c28-1b1b-6ac9-6ccad25af702
lov1q2msfwww02,50294b99-b37e-5a48-b78f-1ca1801a592d
lov1q2msfwww03,50297155-4cad-6d8f-8465-0eb04313a6b3
lov1q2msfwww04,50294714-b6a0-eb39-5360-94ca8d6c85f1
lov1q2msfwww05,50292957-2bf2-5931-5005-def4b7882daf
lov1q2msfwww06,50295c09-69e9-f56f-3bc1-df66d8611c8b
lov1q2msfwww07,502935d0-e4dc-f146-f757-20f2469abfb4
lov1q2msfwww08,50298c26-064a-23d6-42c8-744efc171b66
lov1q2msfwww09,50294b45-1639-74d1-7e60-648810093cef
lov1q2msfwww10,502903e3-1389-59c9-3830-df55ac768275
lov1q2msfwww11,5029171a-130f-af80-3464-2bdd5e902f96
lov1q2msfwww12,50290746-3b1b-e15b-22eb-11b42f044ff4
lov1q2pmiapp02,5029dfee-2974-40bb-fc6d-b9a97f785e49
lov1q2pmisql05,50295ddc-3b5c-3d12-8885-97538aa466d3
lov1q2pmiwww02,50295ec3-8754-a111-51b2-5c27e6cc6bd7
LOV1QLBAPP01,50296f56-e8cb-6064-fb9c-6c76d23ad721
LOV1QLBAPP02,50298d59-3888-d6b1-f25d-2fd3ce4afbc0
lov1s2ewbapp13,50293f22-2153-72cb-2d71-4d63a953bb5a
lov1t2ewbapp05,5029e49b-fa4c-085c-83d6-7ced1e27fce5
LOV1TDLQAFMT001,502917ce-4a22-5008-4342-659ec4619cc6
LOV1TDLQAMGR001,5029aa9c-7952-3aa9-0fb2-08ccd026c790
LOV1TDLQAMST001,5029838d-a533-fe04-6754-435b6aa1a875
LOV1TDLQAMST002,502970c9-827f-62be-556b-8eb2b79b2c59
lov1u2ewbapp01,50291f17-953d-8d04-8f49-9dff231965f2
lov2p14doapp02,5029c10f-0570-23c7-8c35-8553d7a48436
lov2p14doorc01,502918ed-634d-da43-3ce9-bc71648aa495
lov2p14dowww01,50291102-4598-fbd8-3423-b5a191d6ba61
lov2p1cldapp02,50293295-f458-e8a7-4fbf-6378592e24cd
lov2p1cldapp04,5029f828-2696-d3d7-222b-6c08bde2adf6
lov2p1ewbapp01,5029850c-fe53-46af-12b1-85d87ba9f00a
lov2p24dowww01,5029cc0b-d42f-d68d-de27-5eddb613d34e
lov2p2ewbapp10,5029b93d-b9ef-aa77-40d2-d20bcbb8f830
lov2p2ewbsql02,50298354-6f2c-e17c-42c8-71d76c1e40fb
lov2p2gitsql02,5029e95d-c84e-d480-a78f-6028b0dfc534
MD-testing,50296b17-75fe-b0a4-9987-b46849e6e00c
MD4,502986af-3f3b-2340-2bdd-0a213ae07f31
MDTestVM,5029c671-ef37-5348-e274-91141c35de39
MDTestVM2,50295120-1711-fa0d-d7ee-293f6ae5c409
MDTestVM3,502974d0-be97-10b9-8440-dc00f73a11f8
w2k12-2018-11-28,5029b953-37c2-4f02-d97c-8bf1743c38ed
w2k12-Gold-Old,50293a88-4575-2523-a555-97b6aa47ada7
AVI controller,502942a2-bb34-b09d-1340-47e8b63775f7
AVI se1,50294210-42e7-3992-0331-f62d7ee31099
AVI se2,50294fe1-0880-e808-8bf4-116748a00118
Bad_LOV1P0VRAAPP02_Bad,5029cd25-ca66-4e65-b387-f75a4fc3c2a3
BIG-IQ-6.0.1-CM,5029a877-484c-3b57-385c-0a35ca5abac9
BIG-IQ-6.0.1-DCD,50297c0a-e4a2-9d10-acaf-4a90ef12acf8
BIGIP-13.1.1_LB01,5029afad-d110-cde3-041a-553e4b11b4c7
BIGIP-13.1.1_LB01POC,502939bc-5d8b-35f0-e4ac-356955cbd8ec
BIGIP-13.1.1_LB01POC_new,50297440-f911-e621-cad5-12e7c33721e1
BIGIP-13.1.1_LB02,50297deb-c9aa-8470-c121-9362b7b1005d
BIGIP-13.1.1_LB02POC,5029bf28-3425-5749-62ef-8ae91bb41aae
BIGIP-13.1.1_LB02POC_new,502908aa-4293-5a2d-45d7-079f2b42dd5e
clone-backup-hcxcloud,502967c5-0791-0681-8102-5bf11a5291f8
HCX-IX-LNP6-peer,50291c03-d2a1-fd41-724a-94d6b37f7564
HCX-IX-LNP6-WANOPT-peer,50294584-1221-2597-2934-d3a6ae7c4fe0
HCX-IX-LON6-peer,5029c69d-a191-cb0e-fddb-cf94b5150c95
HCX-IX-LON6-WANOPT-peer,50293703-59bc-0d0b-62f6-67c58f9f5c37
HCX-L2C-HT-LNP6_VM_dvSwitch-peer,502967b6-fcc5-e550-08fa-9d1ec6288bc8
hcx_cloud_manager,5029410c-f676-4021-2e31-5df33067b341
jumpbox,5029a2f4-b890-8cff-0265-5f8300ddc978
LNP6IVGITTST01_new,500d3ed6-37fe-57ce-94aa-70ce352d7b93
LNP6IVGITTST01_new-2,64232950-fdda-8e6f-ca6a-ad335bd699ab
LNP6LBVCSVCP03,500ddb16-51a2-02d6-a807-b43e3dd0804d
LOV1-Qualys01-testing,5029309a-1930-e876-c0b2-94144cb4263d
LOV1BRDQAAPP005,500de1fd-24c4-720d-d4b5-e7d026a88b4b
LOV1BRDQAAPP006,500dff12-a391-755e-3172-7d1757d3407d
LOV1BRDQAAPP007,500d11b7-601c-2199-b1bd-356e1d4c9719
LOV1BRDQAAPP008,500d1582-2fd5-113a-2f9e-88d1838d3104
LOV1BRDQAAPP009,500de973-46d6-f707-b8c4-886e02a556aa
LOV1BRDQAAPP010,500d47d6-6a2c-19ac-5d48-045c9ebf475d
lov1d14doapp03,5029623b-0fdb-ff94-eed4-55a328d7fff8
lov1d14doapp09,5029feb5-4a7e-5bb8-de20-fa94ee25f4d3
lov1d1brdorc003,50292e04-d1ee-611a-aee4-eeae1c166adf
lov1d1brdorc02,f8732950-648f-1591-d0ac-d5048668a59c
lov1d1cldapp18,502994c8-b065-20d0-9f86-6fc2926d627a
lov1d1cldapp19,5029dccf-6992-9e6f-c6b9-fa6bb9675a11
lov1d1cldapp52,50295824-9acf-1b51-4d24-191489a1070c
lov1d1cldapp54,5029f242-6458-2c3e-707d-5191d754eab8
lov1d1gitapp01,502957d0-a0c3-ece8-4c4a-4917ebc4da03
lov1d1gitapp02,5029c558-243d-be63-ee42-24cb51ef5d90
lov1d1gitapp05,502934dd-ef0f-9e35-6cec-a13b675419e0
lov1d1gitapp06,50295e0a-ac2c-7fc7-09b2-c28c713d1383
lov1d1gitapp07,d89a2950-cc97-464f-ce28-35d2d8daa75a
lov1d1gitapp08,5029fe4d-df57-926e-82ec-227390c86dcd
lov1d1gitapp09,5029fb2c-8a17-ed92-3855-fc88874e2648
lov1d1gitapp10,5029d0c2-8278-e65f-cf6f-fdebc09e157e
lov1d1gitapp11,50294f94-d93b-3ba9-7fa6-1733882a61e9
lov1d1gitapp12,5029be02-4800-0d39-16f1-d3e08f7e7dfb
lov1d1gitapp13,50295f8e-d821-77b4-b542-940e1ef5ca26
lov1d1gitapp14,5029916e-f8d0-c491-cb21-82c03c483c04
lov1d1gitapp15,5029c03f-6426-f1d3-143d-a581c97064e4
lov1d1gitapp16,5029b375-0049-8067-6d32-fcf7ecd3546f
lov1d1gitapp17,5029791a-ce8b-8b11-18b7-72cc20d7a707
lov1d1gitapp18,5029b0eb-9078-be89-8ca6-851805243867
lov1d1gitapp22,50290fcb-bdf9-38e8-214f-687148a947b3
lov1d1gitapp23,50297a26-5f60-7f57-bba7-441fe67ffb5d
lov1d1gitapp25,502926f8-3969-393e-b3ca-4995d2611a8c
lov1d1gitapp26,50297d1b-8a18-4150-c9ac-375b75b35461
lov1d1gitapp27,50292ceb-e645-619a-adbe-5805eac8282c
lov1d1gitem001,502971aa-01ab-8fab-6c43-9267dcc23991
lov1d1gitnull02,5029d6a2-c90d-762d-5989-2dd910f1132f
lov1d1gitorc003,5029502b-c060-ee15-d499-cd183eb907e3
lov1d1gitorc005,50291159-1739-79f8-45b8-b8d3ab67a20a
lov1d1gitorc006,50298d1e-edbf-1228-ee38-49d104372d4e
lov1d1gitorc03,5029ae40-8525-6cbe-f74a-17f6716d2009
lov1d1gitorc04,50292055-ad11-58d6-4f9d-f6f1ed6d658f
lov1d1gitorc07,50297f4b-e5fb-ab24-bda4-f38326769b33
lov1d1gitorc09,50291327-09b4-e8f7-88ec-927b762c7f65
lov1d1gitorc10,50296108-34c2-f8cf-feaa-ad4d605e5ff1
lov1d1gitorc15,50298a14-7ad4-dcde-9f6e-6c1485dc20de
lov1d1gitwww01,5029390b-0a6f-7766-375a-526aec71fa2d
lov1d1gitwww02,50293a77-88e2-c550-a6e2-d95f5c1b0b78
lov1d1gitwww03,502999a8-0966-0246-e863-d24a6cffc72e
lov1d2cldapp56,50295220-8c4f-c964-e181-96b4cb669e87
lov1d2cldapp57,5029f5ab-3ef5-0805-b1ce-df1597336ba3
lov1d2cldapp58,50299c7c-4d17-1718-139c-1f0e16f94a1a
lov1d2ewbapp06,502957fb-4d2a-2466-f833-a14a8f2d5927
lov1d2gitapp11,5029b375-e50a-e565-6383-233536245cc5
lov1d2gitsql01,5029368e-6af3-fa05-535c-3017ad195d17
lov1d2gitsql02,5029ba9d-f383-1b69-d638-bef491cf5d49
lov1d2gitsql04,50299e4c-c62a-bc0d-8277-97b09f9bdc10
lov1d2gitsql06,5029b28b-9615-6e90-81c6-86dd569cadcf
lov1d2gitsql09,502997f3-2762-b7ae-8536-07ac06dea8f0
lov1d2gitwww03,50296a19-ce11-c3b1-168e-aa8477ce5119
lov1d2msfsql07,50297f18-6fb3-cf9d-c48e-35a7c75c49a2
lov1d2pmiapp01,502929b4-db2d-b10d-0090-341b4143b829
lov1d2pmisql05,502903da-da9e-6417-e2dc-b796fba8c71d
lov1d2pmisql06,502954f0-7a90-1bd2-c322-50bfa954fbb9
lov1d2pmiwww01,50292885-0985-c7f4-533f-59e65ba5ba13
LOV1GTSLBENG200,500de479-9ad2-73a5-6130-5edef7e06d01
lov1gtspdjmp001,50298793-f34d-9c9e-ccce-f353bd1dbaba
lov1gtspdpem001,50295b33-d54c-29f1-f077-7f1ee678451a
lov1gtspdpem002,50294c15-e5a7-b3cd-0079-76a966893fb0
lov1gtspdpem101,502911aa-338d-ab1a-2fb1-5c64bf452889
lov1gtspdpem102,50295fe6-e5f2-aa7f-166b-c7ade2733a70
lov1gtspdrps001,5029886c-1ad7-8e3b-c43a-574840b994ff
lov1gtspdrss060,502948bc-e6e6-cc4b-536f-04cc37b02344
lov1gtspdsqd001,5029fec0-f947-1508-701d-3acf1fb56925
lov1gtspdsqd002,5029b452-ec3f-da06-a3c1-b0ffad53626c
lov1l9agm8,50296fe3-19a2-555e-519d-6500e5c135b9
lov1l9sky01,84362950-59a4-936f-83b7-28eadc491346
LOV1LBAPPSQL02,50295359-4369-c590-0efe-75d71e868ea2
LOV1P0LCMAPP01,5029c460-0ca6-0403-5189-01d877eb6573
LOV1P0VRAAPP01,50292d51-3121-c26f-1a0d-c1c196e14277
LOV1P0VRAAPP02,502972ad-bb1e-0baf-a63a-663f5be5d884
lov1p1monctp001,5029123f-29de-7b2c-b34e-08c09053831f
lov1p1monspk001,5029352c-c993-5a98-4728-eaa80fc59117
lov1p1monspk002,5029fb29-a0db-50e4-b118-5d3427de127c
lov1p1monspk003,50295c76-81c4-51b8-f6ea-47052ae50348
lov1p2gitapp01,50295776-8eca-00c9-9444-cc585b653086
lov1p2gitapp02,5029a535-ace2-c42c-dd75-9bb38727195e
lov1p2gitapp03,502920bb-46d9-686e-ce9d-0e4d72e18f03
LOV1P2IFOADS01,5029d524-829a-31de-774a-5d5a6c92c6c1
LOV1P2IFOADS02,5029da82-b6e9-5f54-2299-d816b7b0bc05
LOV1P2MKAADS01,5029a9eb-0466-7ba5-0e37-ef125d53b4df
LOV1P2MKAADS02,5029798f-a990-05d0-5efc-8af81fc2c333
LOV1P2MKAFS01,50290ada-2cba-1e26-f0aa-952682a23e40
LOV1P2MKPADS01,50298972-d5fe-b8d1-199a-9793933fac3e
LOV1P2MKPADS02,50298bef-73de-c905-d791-8dd7cd29bb5e
LOV1P2MKPSMS01,502980e4-184a-670e-d9c2-204930c23f41
lov1p2monscg001,50291289-52a1-fc6a-5f32-6d9524ff04f6
lov1p2monscg002,50293a82-6e59-5f8b-d2d9-bc0d5799f3ba
lov1p2monscg003,5029d36e-753b-cda7-09ff-4cec941805a6
lov1p2monscg004,50293ab4-6c33-9f9b-534c-31faf5f44f4a
lov1p2monscg005,502916f5-fe0d-f9b3-da81-07b931a5ca5f
lov1p2monscg006,50292278-2439-8677-af9c-9f10b0816ec5
lov1p2monswp001,5029a185-d781-72bb-7b9f-294b9b018fbd
LOV1P2PRDADS01,502928f3-9e38-f31e-9203-0d8c201b8146
LOV1P2PRDADS02,5029d02e-4ea2-bd71-bbab-18cf84fde762
LOV1P2STGADS01,50293024-4281-3cee-c2fd-bdf69e7122f9
LOV1P2STGADS02,50293d58-197d-71b0-d711-f68590c43f1e
LOV1P2VRAIDS01,5029605e-0793-d744-358d-bfc9102b83e2
LOV1P2VRAIDS02,502917ff-e6b1-b8f9-1b2f-0b908e85f70a
LOV1P2VRAISM01,50297efa-1d42-5cd2-9cb2-4a63747427ff
LOV1P2VRAISM02,5029f093-0527-9a8b-a3f8-878fc087346f
LOV1P2VRAMGR01,5029cf14-6802-1c38-2dd9-53db07ecb18a
LOV1P2VRAMGR02,5029cd89-c5b5-f26f-2053-7ab438cf5c57
LOV1P2VRAPSS01,5029f68e-323e-7434-ae68-d8605178331d
LOV1P2VRAPSS02,5029d888-16b1-d44c-b561-ece3c1471e31
LOV1P2VRASQL01,50292dd7-29df-8445-1a8c-06626d9c5169
LOV1P2VRAWWW01,5029ab86-405a-8a3d-a3c0-f4a918d0d1eb
LOV1P2VRAWWW02,5029b148-4d6c-6d02-9652-327b450cca39
lov1p9vcslogpx01,5029fb68-0b2c-9de4-9e78-5dc3ba304a51
lov1p9vcsmgt01,50295fcd-0be0-4ed6-b6bb-a809f80644a1
lov1p9vcsvrc01,50298226-a651-b292-c918-ebfc49478036
lov1p9vcsvrm01,502908cc-0eee-4625-a833-924200ef99ca
lov1p9vcsvrn01,50294bae-7df6-da85-d9f4-b92f2a2abab8
lov1p9vcsvrni01,502917d6-4d72-0279-9338-bdfee685cbab
lov1q14dordb01,5029f860-2b3c-54dd-5065-57ff101ab4d1
lov1q1brdwww04,5029bb4c-5172-e9a8-f7e0-ee03e2194a39
lov1q2brdapp04,5029a845-fc2d-fe96-ff07-114c12b37717
lov1q2brdapp05,50299a22-1263-3110-10fb-fa618eaec0f7
lov1q2brdsql01,5029154a-d795-3f95-31f5-9a0ea7821a9f
lov1q2gitapp01,502935bc-7ea0-c2cb-b69d-f26a843b3ea2
lov1q2gitapp02,50299dff-8a70-bd48-9331-f52cc38baff5
lov1q2msfapp01,50292b8c-016b-46aa-5769-d4a324a0120f
lov1q2msfapp02,502910d7-06b5-9e5b-38fd-b43507ee351e
lov1q2msfapp03,50290a8c-1144-2df4-5d81-723d29776486
lov1q2msfapp04,50296248-917a-2046-700a-d1cd4f40b638
lov1q2msfapp05,50290231-9937-7719-d092-e1f09afb9e23
lov1q2msfapp06,50290bb0-4fe2-3cec-328f-e7deb3366652
lov1q2msfapp07,5029844a-22e8-887d-ecf7-e43f3bd3f165
lov1q2msfapp08,5029907b-cacf-d6ec-5f6c-becdb971569b
lov1q2msfapp09,5029c1f9-3058-54a6-ea7a-5f999b9c3984
lov1q2msfapp10,502960f0-f872-88ac-a28e-044f90e34406
lov1q2msfapp11,5029161d-d7a7-7986-dd89-7e329dbd4d15
lov1q2msfapp12,5029193d-7ee4-fa2a-42aa-55ae0186014f
lov1q2msfapp13,502956b4-246a-aa62-23ea-72fa4df147c6
lov1q2msfapp14,50295952-8c35-4055-16e1-6bd90698b681
lov1q2msfapp15,5029af2b-3481-9d71-e76c-6e2ec374cef9
lov1q2msfapp16,50296e3d-5aca-7f2a-1b5f-732180bef4b5
lov1q2msfapp17,5029188f-f1e9-91e3-3fef-ea80682d202d
lov1q2msfapp18,50294901-2dfc-2bf4-71db-70d45734aecf
lov1q2msfbld01,5029ed56-9bfc-3ecf-1d7a-0d102140dd9e
lov1q2msfftp01,502974f1-f5de-c7ad-7fda-7704fbed4503
lov1q2msfftp02,5029d7c4-9218-78c8-a844-3263989df88f
lov1q2msfmts01,50292f01-581a-4d5c-8a7f-89b3b9645aec
lov1q2msfrpt01,5029a2f8-876d-e566-d134-b8f65e252f45
lov1q2msfsql01,50298734-4f1c-143a-c7f7-bc71805c0204
lov1q2msfsql02,502964b1-d107-2602-cbd0-11cedb1c472f
lov1q2msfsql03,50291ac8-38ce-a66f-ea50-8b8892129599
lov1q2msfsql04,50296846-5418-97df-0b82-0a82954a1c6f
lov1q2msfsql05,502920f3-0f72-5e26-e37f-73b69c2e8688
lov1q2msfsql06,5029226a-8ce1-4aad-bae1-c7a97d6ba83d
lov1q2msfsql07,50291ff8-d446-2768-d1ec-d7e4088bbcfb
lov1q2msftfs01,502964ca-741b-64c6-7220-75c435970502
lov1q2msfwww01,5029ba08-1c28-1b1b-6ac9-6ccad25af702
lov1q2msfwww02,50294b99-b37e-5a48-b78f-1ca1801a592d
lov1q2msfwww03,50297155-4cad-6d8f-8465-0eb04313a6b3
lov1q2msfwww04,50294714-b6a0-eb39-5360-94ca8d6c85f1
lov1q2msfwww05,50292957-2bf2-5931-5005-def4b7882daf
lov1q2msfwww06,50295c09-69e9-f56f-3bc1-df66d8611c8b
lov1q2msfwww07,502935d0-e4dc-f146-f757-20f2469abfb4
lov1q2msfwww08,50298c26-064a-23d6-42c8-744efc171b66
lov1q2msfwww09,50294b45-1639-74d1-7e60-648810093cef
lov1q2msfwww10,502903e3-1389-59c9-3830-df55ac768275
lov1q2msfwww11,5029171a-130f-af80-3464-2bdd5e902f96
lov1q2msfwww12,50290746-3b1b-e15b-22eb-11b42f044ff4
lov1q2pmiapp02,5029dfee-2974-40bb-fc6d-b9a97f785e49
lov1q2pmisql05,50295ddc-3b5c-3d12-8885-97538aa466d3
lov1q2pmiwww02,50295ec3-8754-a111-51b2-5c27e6cc6bd7
LOV1QLBAPP01,50296f56-e8cb-6064-fb9c-6c76d23ad721
LOV1QLBAPP02,50298d59-3888-d6b1-f25d-2fd3ce4afbc0
lov1s2ewbapp13,50293f22-2153-72cb-2d71-4d63a953bb5a
lov1t2ewbapp05,5029e49b-fa4c-085c-83d6-7ced1e27fce5
LOV1TDLQAFMT001,502917ce-4a22-5008-4342-659ec4619cc6
LOV1TDLQAMGR001,5029aa9c-7952-3aa9-0fb2-08ccd026c790
LOV1TDLQAMST001,5029838d-a533-fe04-6754-435b6aa1a875
LOV1TDLQAMST002,502970c9-827f-62be-556b-8eb2b79b2c59
lov1u2ewbapp01,50291f17-953d-8d04-8f49-9dff231965f2
lov2p14doapp02,5029c10f-0570-23c7-8c35-8553d7a48436
lov2p14doorc01,502918ed-634d-da43-3ce9-bc71648aa495
lov2p14dowww01,50291102-4598-fbd8-3423-b5a191d6ba61
lov2p1cldapp02,50293295-f458-e8a7-4fbf-6378592e24cd
lov2p1cldapp04,5029f828-2696-d3d7-222b-6c08bde2adf6
lov2p1ewbapp01,5029850c-fe53-46af-12b1-85d87ba9f00a
lov2p24dowww01,5029cc0b-d42f-d68d-de27-5eddb613d34e
lov2p2ewbapp10,5029b93d-b9ef-aa77-40d2-d20bcbb8f830
lov2p2ewbsql02,50298354-6f2c-e17c-42c8-71d76c1e40fb
lov2p2gitsql02,5029e95d-c84e-d480-a78f-6028b0dfc534
MD-testing,50296b17-75fe-b0a4-9987-b46849e6e00c
MD4,502986af-3f3b-2340-2bdd-0a213ae07f31
MDTestVM,5029c671-ef37-5348-e274-91141c35de39
MDTestVM2,50295120-1711-fa0d-d7ee-293f6ae5c409
MDTestVM3,502974d0-be97-10b9-8440-dc00f73a11f8
w2k12-2018-11-28,5029b953-37c2-4f02-d97c-8bf1743c38ed
w2k12-Gold-Old,50293a88-4575-2523-a555-97b6aa47ada7
AVI controller,502942a2-bb34-b09d-1340-47e8b63775f7
AVI se1,50294210-42e7-3992-0331-f62d7ee31099
AVI se2,50294fe1-0880-e808-8bf4-116748a00118
Bad_LOV1P0VRAAPP02_Bad,5029cd25-ca66-4e65-b387-f75a4fc3c2a3
BIG-IQ-6.0.1-CM,5029a877-484c-3b57-385c-0a35ca5abac9
BIG-IQ-6.0.1-DCD,50297c0a-e4a2-9d10-acaf-4a90ef12acf8
BIGIP-13.1.1_LB01,5029afad-d110-cde3-041a-553e4b11b4c7
BIGIP-13.1.1_LB01POC,502939bc-5d8b-35f0-e4ac-356955cbd8ec
BIGIP-13.1.1_LB01POC_new,50297440-f911-e621-cad5-12e7c33721e1
BIGIP-13.1.1_LB02,50297deb-c9aa-8470-c121-9362b7b1005d
BIGIP-13.1.1_LB02POC,5029bf28-3425-5749-62ef-8ae91bb41aae
BIGIP-13.1.1_LB02POC_new,502908aa-4293-5a2d-45d7-079f2b42dd5e
clone-backup-hcxcloud,502967c5-0791-0681-8102-5bf11a5291f8
HCX-IX-LNP6-peer,50291c03-d2a1-fd41-724a-94d6b37f7564
HCX-IX-LNP6-WANOPT-peer,50294584-1221-2597-2934-d3a6ae7c4fe0
HCX-IX-LON6-peer,5029c69d-a191-cb0e-fddb-cf94b5150c95
HCX-IX-LON6-WANOPT-peer,50293703-59bc-0d0b-62f6-67c58f9f5c37
HCX-L2C-HT-LNP6_VM_dvSwitch-peer,502967b6-fcc5-e550-08fa-9d1ec6288bc8
hcx_cloud_manager,5029410c-f676-4021-2e31-5df33067b341
jumpbox,5029a2f4-b890-8cff-0265-5f8300ddc978
LNP6IVGITTST01_new,500d3ed6-37fe-57ce-94aa-70ce352d7b93
LNP6IVGITTST01_new-2,64232950-fdda-8e6f-ca6a-ad335bd699ab
LNP6LBVCSVCP03,500ddb16-51a2-02d6-a807-b43e3dd0804d
LOV1-Qualys01-testing,5029309a-1930-e876-c0b2-94144cb4263d
LOV1BRDQAAPP005,500de1fd-24c4-720d-d4b5-e7d026a88b4b
LOV1BRDQAAPP006,500dff12-a391-755e-3172-7d1757d3407d
LOV1BRDQAAPP007,500d11b7-601c-2199-b1bd-356e1d4c9719
LOV1BRDQAAPP008,500d1582-2fd5-113a-2f9e-88d1838d3104
LOV1BRDQAAPP009,500de973-46d6-f707-b8c4-886e02a556aa
LOV1BRDQAAPP010,500d47d6-6a2c-19ac-5d48-045c9ebf475d
lov1d14doapp03,5029623b-0fdb-ff94-eed4-55a328d7fff8
lov1d14doapp09,5029feb5-4a7e-5bb8-de20-fa94ee25f4d3
lov1d1brdorc003,50292e04-d1ee-611a-aee4-eeae1c166adf
lov1d1brdorc02,f8732950-648f-1591-d0ac-d5048668a59c
lov1d1cldapp18,502994c8-b065-20d0-9f86-6fc2926d627a
lov1d1cldapp19,5029dccf-6992-9e6f-c6b9-fa6bb9675a11
lov1d1cldapp52,50295824-9acf-1b51-4d24-191489a1070c
lov1d1cldapp54,5029f242-6458-2c3e-707d-5191d754eab8
lov1d1gitapp01,502957d0-a0c3-ece8-4c4a-4917ebc4da03
lov1d1gitapp02,5029c558-243d-be63-ee42-24cb51ef5d90
lov1d1gitapp05,502934dd-ef0f-9e35-6cec-a13b675419e0
lov1d1gitapp06,50295e0a-ac2c-7fc7-09b2-c28c713d1383
lov1d1gitapp07,d89a2950-cc97-464f-ce28-35d2d8daa75a
lov1d1gitapp08,5029fe4d-df57-926e-82ec-227390c86dcd
lov1d1gitapp09,5029fb2c-8a17-ed92-3855-fc88874e2648
lov1d1gitapp10,5029d0c2-8278-e65f-cf6f-fdebc09e157e
lov1d1gitapp11,50294f94-d93b-3ba9-7fa6-1733882a61e9
lov1d1gitapp12,5029be02-4800-0d39-16f1-d3e08f7e7dfb
lov1d1gitapp13,50295f8e-d821-77b4-b542-940e1ef5ca26
lov1d1gitapp14,5029916e-f8d0-c491-cb21-82c03c483c04
lov1d1gitapp15,5029c03f-6426-f1d3-143d-a581c97064e4
lov1d1gitapp16,5029b375-0049-8067-6d32-fcf7ecd3546f
lov1d1gitapp17,5029791a-ce8b-8b11-18b7-72cc20d7a707
lov1d1gitapp18,5029b0eb-9078-be89-8ca6-851805243867
lov1d1gitapp22,50290fcb-bdf9-38e8-214f-687148a947b3
lov1d1gitapp23,50297a26-5f60-7f57-bba7-441fe67ffb5d
lov1d1gitapp25,502926f8-3969-393e-b3ca-4995d2611a8c
lov1d1gitapp26,50297d1b-8a18-4150-c9ac-375b75b35461
lov1d1gitapp27,50292ceb-e645-619a-adbe-5805eac8282c
lov1d1gitem001,502971aa-01ab-8fab-6c43-9267dcc23991
lov1d1gitnull02,5029d6a2-c90d-762d-5989-2dd910f1132f
lov1d1gitorc003,5029502b-c060-ee15-d499-cd183eb907e3
lov1d1gitorc005,50291159-1739-79f8-45b8-b8d3ab67a20a
lov1d1gitorc006,50298d1e-edbf-1228-ee38-49d104372d4e
lov1d1gitorc03,5029ae40-8525-6cbe-f74a-17f6716d2009
lov1d1gitorc04,50292055-ad11-58d6-4f9d-f6f1ed6d658f
lov1d1gitorc07,50297f4b-e5fb-ab24-bda4-f38326769b33
lov1d1gitorc09,50291327-09b4-e8f7-88ec-927b762c7f65
lov1d1gitorc10,50296108-34c2-f8cf-feaa-ad4d605e5ff1
lov1d1gitorc15,50298a14-7ad4-dcde-9f6e-6c1485dc20de
lov1d1gitwww01,5029390b-0a6f-7766-375a-526aec71fa2d
lov1d1gitwww02,50293a77-88e2-c550-a6e2-d95f5c1b0b78
lov1d1gitwww03,502999a8-0966-0246-e863-d24a6cffc72e
lov1d2cldapp56,50295220-8c4f-c964-e181-96b4cb669e87
lov1d2cldapp57,5029f5ab-3ef5-0805-b1ce-df1597336ba3
lov1d2cldapp58,50299c7c-4d17-1718-139c-1f0e16f94a1a
lov1d2ewbapp06,502957fb-4d2a-2466-f833-a14a8f2d5927
lov1d2gitapp11,5029b375-e50a-e565-6383-233536245cc5
lov1d2gitsql01,5029368e-6af3-fa05-535c-3017ad195d17
lov1d2gitsql02,5029ba9d-f383-1b69-d638-bef491cf5d49
lov1d2gitsql04,50299e4c-c62a-bc0d-8277-97b09f9bdc10
lov1d2gitsql06,5029b28b-9615-6e90-81c6-86dd569cadcf
lov1d2gitsql09,502997f3-2762-b7ae-8536-07ac06dea8f0
lov1d2gitwww03,50296a19-ce11-c3b1-168e-aa8477ce5119
lov1d2msfsql07,50297f18-6fb3-cf9d-c48e-35a7c75c49a2
lov1d2pmiapp01,502929b4-db2d-b10d-0090-341b4143b829
lov1d2pmisql05,502903da-da9e-6417-e2dc-b796fba8c71d
lov1d2pmisql06,502954f0-7a90-1bd2-c322-50bfa954fbb9
lov1d2pmiwww01,50292885-0985-c7f4-533f-59e65ba5ba13
LOV1GTSLBENG200,500de479-9ad2-73a5-6130-5edef7e06d01
lov1gtspdjmp001,50298793-f34d-9c9e-ccce-f353bd1dbaba
lov1gtspdpem001,50295b33-d54c-29f1-f077-7f1ee678451a
lov1gtspdpem002,50294c15-e5a7-b3cd-0079-76a966893fb0
lov1gtspdpem101,502911aa-338d-ab1a-2fb1-5c64bf452889
lov1gtspdpem102,50295fe6-e5f2-aa7f-166b-c7ade2733a70
lov1gtspdrps001,5029886c-1ad7-8e3b-c43a-574840b994ff
lov1gtspdrss060,502948bc-e6e6-cc4b-536f-04cc37b02344
lov1gtspdsqd001,5029fec0-f947-1508-701d-3acf1fb56925
lov1gtspdsqd002,5029b452-ec3f-da06-a3c1-b0ffad53626c
lov1l9agm8,50296fe3-19a2-555e-519d-6500e5c135b9
lov1l9sky01,84362950-59a4-936f-83b7-28eadc491346
LOV1LBAPPSQL02,50295359-4369-c590-0efe-75d71e868ea2
LOV1P0LCMAPP01,5029c460-0ca6-0403-5189-01d877eb6573
LOV1P0VRAAPP01,50292d51-3121-c26f-1a0d-c1c196e14277
LOV1P0VRAAPP02,502972ad-bb1e-0baf-a63a-663f5be5d884
lov1p1monctp001,5029123f-29de-7b2c-b34e-08c09053831f
lov1p1monspk001,5029352c-c993-5a98-4728-eaa80fc59117
lov1p1monspk002,5029fb29-a0db-50e4-b118-5d3427de127c
lov1p1monspk003,50295c76-81c4-51b8-f6ea-47052ae50348
lov1p2gitapp01,50295776-8eca-00c9-9444-cc585b653086
lov1p2gitapp02,5029a535-ace2-c42c-dd75-9bb38727195e
lov1p2gitapp03,502920bb-46d9-686e-ce9d-0e4d72e18f03
LOV1P2IFOADS01,5029d524-829a-31de-774a-5d5a6c92c6c1
LOV1P2IFOADS02,5029da82-b6e9-5f54-2299-d816b7b0bc05
LOV1P2MKAADS01,5029a9eb-0466-7ba5-0e37-ef125d53b4df
LOV1P2MKAADS02,5029798f-a990-05d0-5efc-8af81fc2c333
LOV1P2MKAFS01,50290ada-2cba-1e26-f0aa-952682a23e40
LOV1P2MKPADS01,50298972-d5fe-b8d1-199a-9793933fac3e
LOV1P2MKPADS02,50298bef-73de-c905-d791-8dd7cd29bb5e
LOV1P2MKPSMS01,502980e4-184a-670e-d9c2-204930c23f41
lov1p2monscg001,50291289-52a1-fc6a-5f32-6d9524ff04f6
lov1p2monscg002,50293a82-6e59-5f8b-d2d9-bc0d5799f3ba
lov1p2monscg003,5029d36e-753b-cda7-09ff-4cec941805a6
lov1p2monscg004,50293ab4-6c33-9f9b-534c-31faf5f44f4a
lov1p2monscg005,502916f5-fe0d-f9b3-da81-07b931a5ca5f
lov1p2monscg006,50292278-2439-8677-af9c-9f10b0816ec5
lov1p2monswp001,5029a185-d781-72bb-7b9f-294b9b018fbd
LOV1P2PRDADS01,502928f3-9e38-f31e-9203-0d8c201b8146
LOV1P2PRDADS02,5029d02e-4ea2-bd71-bbab-18cf84fde762
LOV1P2STGADS01,50293024-4281-3cee-c2fd-bdf69e7122f9
LOV1P2STGADS02,50293d58-197d-71b0-d711-f68590c43f1e
LOV1P2VRAIDS01,5029605e-0793-d744-358d-bfc9102b83e2
LOV1P2VRAIDS02,502917ff-e6b1-b8f9-1b2f-0b908e85f70a
LOV1P2VRAISM01,50297efa-1d42-5cd2-9cb2-4a63747427ff
LOV1P2VRAISM02,5029f093-0527-9a8b-a3f8-878fc087346f
LOV1P2VRAMGR01,5029cf14-6802-1c38-2dd9-53db07ecb18a
LOV1P2VRAMGR02,5029cd89-c5b5-f26f-2053-7ab438cf5c57
LOV1P2VRAPSS01,5029f68e-323e-7434-ae68-d8605178331d
LOV1P2VRAPSS02,5029d888-16b1-d44c-b561-ece3c1471e31
LOV1P2VRASQL01,50292dd7-29df-8445-1a8c-06626d9c5169
LOV1P2VRAWWW01,5029ab86-405a-8a3d-a3c0-f4a918d0d1eb
LOV1P2VRAWWW02,5029b148-4d6c-6d02-9652-327b450cca39
lov1p9vcslogpx01,5029fb68-0b2c-9de4-9e78-5dc3ba304a51
lov1p9vcsmgt01,50295fcd-0be0-4ed6-b6bb-a809f80644a1
lov1p9vcsvrc01,50298226-a651-b292-c918-ebfc49478036
lov1p9vcsvrm01,502908cc-0eee-4625-a833-924200ef99ca
lov1p9vcsvrn01,50294bae-7df6-da85-d9f4-b92f2a2abab8
lov1p9vcsvrni01,502917d6-4d72-0279-9338-bdfee685cbab
lov1q14dordb01,5029f860-2b3c-54dd-5065-57ff101ab4d1
lov1q1brdwww04,5029bb4c-5172-e9a8-f7e0-ee03e2194a39
lov1q2brdapp04,5029a845-fc2d-fe96-ff07-114c12b37717
lov1q2brdapp05,50299a22-1263-3110-10fb-fa618eaec0f7
lov1q2brdsql01,5029154a-d795-3f95-31f5-9a0ea7821a9f
lov1q2gitapp01,502935bc-7ea0-c2cb-b69d-f26a843b3ea2
lov1q2gitapp02,50299dff-8a70-bd48-9331-f52cc38baff5
lov1q2msfapp01,50292b8c-016b-46aa-5769-d4a324a0120f
lov1q2msfapp02,502910d7-06b5-9e5b-38fd-b43507ee351e
lov1q2msfapp03,50290a8c-1144-2df4-5d81-723d29776486
lov1q2msfapp04,50296248-917a-2046-700a-d1cd4f40b638
lov1q2msfapp05,50290231-9937-7719-d092-e1f09afb9e23
lov1q2msfapp06,50290bb0-4fe2-3cec-328f-e7deb3366652
lov1q2msfapp07,5029844a-22e8-887d-ecf7-e43f3bd3f165
lov1q2msfapp08,5029907b-cacf-d6ec-5f6c-becdb971569b
lov1q2msfapp09,5029c1f9-3058-54a6-ea7a-5f999b9c3984
lov1q2msfapp10,502960f0-f872-88ac-a28e-044f90e34406
lov1q2msfapp11,5029161d-d7a7-7986-dd89-7e329dbd4d15
lov1q2msfapp12,5029193d-7ee4-fa2a-42aa-55ae0186014f
lov1q2msfapp13,502956b4-246a-aa62-23ea-72fa4df147c6
lov1q2msfapp14,50295952-8c35-4055-16e1-6bd90698b681
lov1q2msfapp15,5029af2b-3481-9d71-e76c-6e2ec374cef9
lov1q2msfapp16,50296e3d-5aca-7f2a-1b5f-732180bef4b5
lov1q2msfapp17,5029188f-f1e9-91e3-3fef-ea80682d202d
lov1q2msfapp18,50294901-2dfc-2bf4-71db-70d45734aecf
lov1q2msfbld01,5029ed56-9bfc-3ecf-1d7a-0d102140dd9e
lov1q2msfftp01,502974f1-f5de-c7ad-7fda-7704fbed4503
lov1q2msfftp02,5029d7c4-9218-78c8-a844-3263989df88f
lov1q2msfmts01,50292f01-581a-4d5c-8a7f-89b3b9645aec
lov1q2msfrpt01,5029a2f8-876d-e566-d134-b8f65e252f45
lov1q2msfsql01,50298734-4f1c-143a-c7f7-bc71805c0204
lov1q2msfsql02,502964b1-d107-2602-cbd0-11cedb1c472f
lov1q2msfsql03,50291ac8-38ce-a66f-ea50-8b8892129599
lov1q2msfsql04,50296846-5418-97df-0b82-0a82954a1c6f
lov1q2msfsql05,502920f3-0f72-5e26-e37f-73b69c2e8688
lov1q2msfsql06,5029226a-8ce1-4aad-bae1-c7a97d6ba83d
lov1q2msfsql07,50291ff8-d446-2768-d1ec-d7e4088bbcfb
lov1q2msftfs01,502964ca-741b-64c6-7220-75c435970502
lov1q2msfwww01,5029ba08-1c28-1b1b-6ac9-6ccad25af702
lov1q2msfwww02,50294b99-b37e-5a48-b78f-1ca1801a592d
lov1q2msfwww03,50297155-4cad-6d8f-8465-0eb04313a6b3
lov1q2msfwww04,50294714-b6a0-eb39-5360-94ca8d6c85f1
lov1q2msfwww05,50292957-2bf2-5931-5005-def4b7882daf
lov1q2msfwww06,50295c09-69e9-f56f-3bc1-df66d8611c8b
lov1q2msfwww07,502935d0-e4dc-f146-f757-20f2469abfb4
lov1q2msfwww08,50298c26-064a-23d6-42c8-744efc171b66
lov1q2msfwww09,50294b45-1639-74d1-7e60-648810093cef
lov1q2msfwww10,502903e3-1389-59c9-3830-df55ac768275
lov1q2msfwww11,5029171a-130f-af80-3464-2bdd5e902f96
lov1q2msfwww12,50290746-3b1b-e15b-22eb-11b42f044ff4
lov1q2pmiapp02,5029dfee-2974-40bb-fc6d-b9a97f785e49
lov1q2pmisql05,50295ddc-3b5c-3d12-8885-97538aa466d3
lov1q2pmiwww02,50295ec3-8754-a111-51b2-5c27e6cc6bd7
LOV1QLBAPP01,50296f56-e8cb-6064-fb9c-6c76d23ad721
LOV1QLBAPP02,50298d59-3888-d6b1-f25d-2fd3ce4afbc0
lov1s2ewbapp13,50293f22-2153-72cb-2d71-4d63a953bb5a
lov1t2ewbapp05,5029e49b-fa4c-085c-83d6-7ced1e27fce5
LOV1TDLQAFMT001,502917ce-4a22-5008-4342-659ec4619cc6
LOV1TDLQAMGR001,5029aa9c-7952-3aa9-0fb2-08ccd026c790
LOV1TDLQAMST001,5029838d-a533-fe04-6754-435b6aa1a875
LOV1TDLQAMST002,502970c9-827f-62be-556b-8eb2b79b2c59
lov1u2ewbapp01,50291f17-953d-8d04-8f49-9dff231965f2
lov2p14doapp02,5029c10f-0570-23c7-8c35-8553d7a48436
lov2p14doorc01,502918ed-634d-da43-3ce9-bc71648aa495
lov2p14dowww01,50291102-4598-fbd8-3423-b5a191d6ba61
lov2p1cldapp02,50293295-f458-e8a7-4fbf-6378592e24cd
lov2p1cldapp04,5029f828-2696-d3d7-222b-6c08bde2adf6
lov2p1ewbapp01,5029850c-fe53-46af-12b1-85d87ba9f00a
lov2p24dowww01,5029cc0b-d42f-d68d-de27-5eddb613d34e
lov2p2ewbapp10,5029b93d-b9ef-aa77-40d2-d20bcbb8f830
lov2p2ewbsql02,50298354-6f2c-e17c-42c8-71d76c1e40fb
lov2p2gitsql02,5029e95d-c84e-d480-a78f-6028b0dfc534
MD-testing,50296b17-75fe-b0a4-9987-b46849e6e00c
MD4,502986af-3f3b-2340-2bdd-0a213ae07f31
MDTestVM,5029c671-ef37-5348-e274-91141c35de39
MDTestVM2,50295120-1711-fa0d-d7ee-293f6ae5c409
MDTestVM3,502974d0-be97-10b9-8440-dc00f73a11f8
w2k12-2018-11-28,5029b953-37c2-4f02-d97c-8bf1743c38ed
w2k12-Gold-Old,50293a88-4575-2523-a555-97b6aa47ada7
